<?xml version="1.0" encoding="UTF-8"?>
<api context="/payments" name="PaymentOrderAPI" statistics="enable" trace="enable" version="0.1" version-type="context" xmlns="http://ws.apache.org/ns/synapse">
    <resource methods="POST DELETE" uri-template="payments/{payment}/route">
        <inSequence>
            <property expression="json-eval($.schemeName)" name="SchemeName" scope="default" type="STRING"/>
            <switch description="Payment Scheme Types" source="get-property('schemeName')">
                <case regex="FPS">
                    <log description="Faster Payments Log">
                        <property expression="fn:concat('Sending paymentOrder request to ', get-property('schemeName') ,' Scheme...')" name="message"/>
                    </log>
                    <send>
                        <endpoint key="FasterPaymentsEP"/>
                    </send>
                </case>
                <case regex="CHAPS">
                    <log description="CHAPS Log">
                        <property expression="fn:concat('Sending paymentOrder request to ', get-property('schemeName') ,' Scheme...')" name="message"/>
                    </log>
                    <send>
                        <endpoint key="ChapsPaymentsEP"/>
                    </send>
                </case>
                <default>
                    <log description="fault Log">
                        <property expression="fn:concat('Invalid or Bad Request', get-property('schemeName') ,' SchemeName not supported.')" name="message"/>
                    </log>
                    <respond/>
                </default>
            </switch>
        </inSequence>
        <outSequence>
            <send/>
        </outSequence>
        <faultSequence/>
    </resource>
</api>
